Row Number,Payout Name,Amount,Date,Status,Claimed / Allocated To,Reason / Notes
1,MIKHAIL ALEXANDROVICH POPOV,462,23 September 2026,Success,MARTIN NDERITU (swatnderitu@gmail.com) [Self],Payment applied successfully
2,Candace Johnson,9537,23 September 2026,Failed,Not Found in DB,Payout name not found in database
3,PIPER JANE RIVERA,4806.71,23 September 2026,Failed,Not Found in DB,Payout name not found in database
4,DYLAN EDUARDO GRAY,2027,23 September 2026,Failed,Not Found in DB,Payout name not found in database
5,REBECCA KAVYA GUPTA,405,23 September 2026,Failed,Not Found in DB,Payout name not found in database
6,PAUL WESLEY ROBINSON,902,23 September 2026,Success,CHRISPIN NJAGI (njagic218@gmail.com) [Self],Payment applied successfully
7,WAYNE SIMMONS,128.1,23 September 2026,Failed,Not Found in DB,Payout name not found in database
8,AMELIA ISABELLE GRAHAM,902,23 September 2026,Success,CHRISPIN NJAGI (njagic218@gmail.com) [Self],Payment applied successfully
9,MATHEW SESSUM,1777.5,23 September 2026,Success,CHRISPIN NJAGI (njagic218@gmail.com) [Self],Payment applied successfully
10,THOMAS GRACE MARTIN,902,23 September 2026,Success,CHRISPIN NJAGI (njagic218@gmail.com) [Self],Payment applied successfully
11,ROGER LLOYD FOX,3899,23 September 2026,Failed,Not Found in DB,Payout name not found in database
12,DMITRI NIKOLAEVICH VOLOKOV,3205,23 September 2026,Success,MARTIN NDERITU (swatnderitu@gmail.com) [Self],Payment applied successfully
13,ANTONIO TREVOR BROWN,2027,23 September 2026,Failed,Not Found in DB,Payout name not found in database
14,ISABELLA MARIE THOMPSON,369,23 September 2026,Success,MARTIN NDERITU (swatnderitu@gmail.com) [Self],Payment applied successfully
15,MATILDA ROSE MORGAN,8492,23 September 2026,Failed,Not Found in DB,Payout name not found in database
16,COLTON IVAN CHAVEZ,415,23 September 2026,Failed,Not Found in DB,Payout name not found in database
17,CAMILA ANTHONY HALL,902,23 September 2026,Success,CHRISPIN NJAGI (njagic218@gmail.com) [Self],Payment applied successfully
18,TOBIAS FRIEDRICH KRAUS,415,23 September 2026,Success,MARTIN NDERITU (swatnderitu@gmail.com) [Self],Payment applied successfully
19,SOPHIE MAE CLARK,902,23 September 2026,Success,CHRISPIN NJAGI (njagic218@gmail.com) [Self],Payment applied successfully
20,DANIEL WILLIAM MAAS,2290.04,23 September 2026,Failed,Not Found in DB,Payout name not found in database
21,JACK WILLIAM HARRIS,1040,23 September 2026,Success,CHRISPIN NJAGI (njagic218@gmail.com) [Self],Payment applied successfully
22,THOMAS BROOKE THOMAS,902,23 September 2026,Success,CHRISPIN NJAGI (njagic218@gmail.com) [Self],Payment applied successfully
23,Harper Stone,5071,23 September 2026,Failed,Not Found in DB,Payout name not found in database
24,DAISY ROSE WALKER,902,23 September 2026,Success,CHRISPIN NJAGI (njagic218@gmail.com) [Self],Payment applied successfully
25,LARA MARIA FRITZ,405,23 September 2026,Success,MARTIN NDERITU (swatnderitu@gmail.com) [Self],Payment applied successfully
26,ELISE LUISE SIMON,415,23 September 2026,Success,MARTIN NDERITU (swatnderitu@gmail.com) [Self],Payment applied successfully
27,MAYA RHEA SHARMA,405,23 September 2026,Failed,Not Found in DB,Payout name not found in database
28,HENRY THOMAS ROBINSON,902,23 September 2026,Success,CHRISPIN NJAGI (njagic218@gmail.com) [Self],Payment applied successfully
29,MARLENE CLARA JUNG,405,23 September 2026,Success,MARTIN NDERITU (swatnderitu@gmail.com) [Self],Payment applied successfully
30,ARTEM SERGEEVICH MOROZOV,902,23 September 2026,Success,CHRISPIN NJAGI (njagic218@gmail.com) [Self],Payment applied successfully
31,Tristan Graff,4701,23 September 2026,Failed,Not Found in DB,Payout name not found in database
32,SARAH NISHA MALHOTRA,3547,23 September 2026,Failed,Not Found in DB,Payout name not found in database
33,LENA CLARA WEGNER,2259.06,23 September 2026,Success,MARTIN NDERITU (swatnderitu@gmail.com) [Self],Payment applied successfully
34,SILAS RODRIGO ORTIZ,1638,23 September 2026,Failed,Not Found in DB,Payout name not found in database
35,MAXWELL TOMAS REYES,819,23 September 2026,Failed,Not Found in DB,Payout name not found in database
36,Elizabeth Walz,2566,23 September 2026,Failed,Not Found in DB,Payout name not found in database
37,KATIE ANJALI SINGH,810,23 September 2026,Failed,Not Found in DB,Payout name not found in database
38,MORITZ JOHANN ECKERT,2515.93,23 September 2026,Success,MARTIN NDERITU (swatnderitu@gmail.com) [Self],Payment applied successfully
39,CODY KENNEDY,1777.5,23 September 2026,Success,CHRISPIN NJAGI (njagic218@gmail.com) [Self],Payment applied successfully
40,SOPHIA PRIYA PATEL,1393,23 September 2026,Failed,Not Found in DB,Payout name not found in database
41,WILLIAM GEORGE HALL,902,23 September 2026,Success,CHRISPIN NJAGI (njagic218@gmail.com) [Self],Payment applied successfully
42,SOPHIA ANANYA GUPTA,405,23 September 2026,Failed,Not Found in DB,Payout name not found in database
43,VALENTINA NICOLE MEDINA,820,23 September 2026,Failed,Not Found in DB,Payout name not found in database
44,Sarah White,299,23 September 2026,Failed,Not Found in DB,Payout name not found in database
45,THEO BENJAMIN KING,902,23 September 2026,Success,CHRISPIN NJAGI (njagic218@gmail.com) [Self],Payment applied successfully
46,VIVIAN ISHANI SHAH,819,23 September 2026,Failed,Not Found in DB,Payout name not found in database
47,RONAK NOAH GUPTA,405,23 September 2026,Failed,Not Found in DB,Payout name not found in database
48,HANNAH KAVYA PATEL,1585,23 September 2026,Failed,Not Found in DB,Payout name not found in database
49,LUCY ANNE ALLEN,902,23 September 2026,Success,CHRISPIN NJAGI (njagic218@gmail.com) [Self],Payment applied successfully
50,JESSICA PRIYA MEHTA,405,23 September 2026,Failed,Not Found in DB,Payout name not found in database
51,Jatarus Coleman,0.23,23 September 2026,Failed,Not Found in DB,Payout name not found in database
52,VINCENT ALEXANDRE CÔTÉ,0.5,23 September 2026,Failed,Not Found in DB,Payout name not found in database
53,Eliton De Sordi,0.01,23 September 2026,Failed,Not Found in DB,Payout name not found in database
